---
sticker: lucide//database
---
We can sort the results of any query using [ORDER BY](https://dev.mysql.com/doc/refman/8.0/en/order-by-optimization.html) and specifying the column to sort by:



```shell-session
mysql> SELECT * FROM logins ORDER BY password;

+----+---------------+------------+---------------------+
| id | username      | password   | date_of_joining     |
+----+---------------+------------+---------------------+
|  2 | administrator | adm1n_p@ss | 2020-07-02 11:30:50 |
|  3 | john          | john123!   | 2020-07-02 11:47:16 |
|  1 | admin         | p@ssw0rd   | 2020-07-02 00:00:00 |
|  4 | tom           | tom123!    | 2020-07-02 11:47:16 |
+----+---------------+------------+---------------------+
4 rows in set (0.00 sec)
```

By default, the sort is done in ascending order, but we can also sort the results by `ASC` or `DESC`:


```shell-session
mysql> SELECT * FROM logins ORDER BY password DESC;

+----+---------------+------------+---------------------+
| id | username      | password   | date_of_joining     |
+----+---------------+------------+---------------------+
|  4 | tom           | tom123!    | 2020-07-02 11:47:16 |
|  1 | admin         | p@ssw0rd   | 2020-07-02 00:00:00 |
|  3 | john          | john123!   | 2020-07-02 11:47:16 |
|  2 | administrator | adm1n_p@ss | 2020-07-02 11:30:50 |
+----+---------------+------------+---------------------+
4 rows in set (0.00 sec)
```

It is also possible to sort by multiple columns, to have a secondary sort for duplicate values in one column:



```shell-session
mysql> SELECT * FROM logins ORDER BY password DESC, id ASC;

+----+---------------+-----------------+---------------------+
| id | username      | password        | date_of_joining     |
+----+---------------+-----------------+---------------------+
|  1 | admin         | p@ssw0rd        | 2020-07-02 00:00:00 |
|  2 | administrator | change_password | 2020-07-02 11:30:50 |
|  3 | john          | change_password | 2020-07-02 11:47:16 |
|  4 | tom           | change_password | 2020-07-02 11:50:20 |
+----+---------------+-----------------+---------------------+
4 rows in set (0.00 sec)
```

---

## LIMIT results

In case our query returns a large number of records, we can [LIMIT](https://dev.mysql.com/doc/refman/8.0/en/limit-optimization.html) the results to what we want only, using `LIMIT` and the number of records we want:


```shell-session
mysql> SELECT * FROM logins LIMIT 2;

+----+---------------+------------+---------------------+
| id | username      | password   | date_of_joining     |
+----+---------------+------------+---------------------+
|  1 | admin         | p@ssw0rd   | 2020-07-02 00:00:00 |
|  2 | administrator | adm1n_p@ss | 2020-07-02 11:30:50 |
+----+---------------+------------+---------------------+
2 rows in set (0.00 sec)
```

If we wanted to LIMIT results with an offset, we could specify the offset before the LIMIT count:



```shell-session
mysql> SELECT * FROM logins LIMIT 1, 2;

+----+---------------+------------+---------------------+
| id | username      | password   | date_of_joining     |
+----+---------------+------------+---------------------+
|  2 | administrator | adm1n_p@ss | 2020-07-02 11:30:50 |
|  3 | john          | john123!   | 2020-07-02 11:47:16 |
+----+---------------+------------+---------------------+
2 rows in set (0.00 sec)
```

Note: the offset marks the order of the first record to be included, starting from 0. For the above, it starts and includes the 2nd record, and returns two values.

---

## WHERE Clause

To filter or search for specific data, we can use conditions with the `SELECT` statement using the [WHERE](https://dev.mysql.com/doc/refman/8.0/en/where-optimization.html) clause, to fine-tune the results:



```sql
SELECT * FROM table_name WHERE <condition>;
```

The query above will return all records which satisfy the given condition. Let us look at an example:



```shell-session
mysql> SELECT * FROM logins WHERE id > 1;

+----+---------------+------------+---------------------+
| id | username      | password   | date_of_joining     |
+----+---------------+------------+---------------------+
|  2 | administrator | adm1n_p@ss | 2020-07-02 11:30:50 |
|  3 | john          | john123!   | 2020-07-02 11:47:16 |
|  4 | tom           | tom123!    | 2020-07-02 11:47:16 |
+----+---------------+------------+---------------------+
3 rows in set (0.00 sec)
```

The example above selects all records where the value of `id` is greater than `1`. As we can see, the first row with its `id` as 1 was skipped from the output. We can do something similar for usernames:



```shell-session
mysql> SELECT * FROM logins where username = 'admin';

+----+----------+----------+---------------------+
| id | username | password | date_of_joining     |
+----+----------+----------+---------------------+
|  1 | admin    | p@ssw0rd | 2020-07-02 00:00:00 |
+----+----------+----------+---------------------+
1 row in set (0.00 sec)
```

The query above selects the record where the username is `admin`. We can use the `UPDATE` statement to update certain records that meet a specific condition.

Note: String and date data types should be surrounded by single quote (') or double quotes ("), while numbers can be used directly.

---

## LIKE Clause

Another useful SQL clause is [LIKE](https://dev.mysql.com/doc/refman/8.0/en/pattern-matching.html), enabling selecting records by matching a certain pattern. The query below retrieves all records with usernames starting with `admin`:

```shell-session
mysql> SELECT * FROM logins WHERE username LIKE 'admin%';

+----+---------------+------------+---------------------+
| id | username      | password   | date_of_joining     |
+----+---------------+------------+---------------------+
|  1 | admin         | p@ssw0rd   | 2020-07-02 00:00:00 |
|  4 | administrator | adm1n_p@ss | 2020-07-02 15:19:02 |
+----+---------------+------------+---------------------+
2 rows in set (0.00 sec)
```

The `%` symbol acts as a wildcard and matches all characters after `admin`. It is used to match zero or more characters. Similarly, the `_` symbol is used to match exactly one character. The below query matches all usernames with exactly three characters in them, which in this case was `tom`:


```shell-session
mysql> SELECT * FROM logins WHERE username like '___';

+----+----------+----------+---------------------+
| id | username | password | date_of_joining     |
+----+----------+----------+---------------------+
|  3 | tom      | tom123!  | 2020-07-02 15:18:56 |
+----+----------+----------+---------------------+
1 row in set (0.01 sec)
```


# Question
---

![[Pasted image 20250131140321.png]]

Nice, once we logged into the database and using the employees table, if we use `show tables;` we can see the following:

```
MariaDB [employees]> show tables;
+----------------------+
| Tables_in_employees  |
+----------------------+
| current_dept_emp     |
| departments          |
| dept_emp             |
| dept_emp_latest_date |
| dept_manager         |
| employees            |
| salaries             |
| titles               |
+----------------------+
```

We could using `LIMIT` to filter by only one result to check the way the table is structured:

`select * from employees limit 1;`

We'll get the following:

```
MariaDB [employees]> select * from employees limit 1;
+--------+------------+------------+-----------+--------+------------+
| emp_no | birth_date | first_name | last_name | gender | hire_date  |
+--------+------------+------------+-----------+--------+------------+
|  10001 | 1953-09-02 | Georgi     | Facello   | M      | 1986-06-26 |
+--------+------------+------------+-----------+--------+------------+
```

Nice, now we know how to filter correctly, let's use this command: 

`select * from employees where first_name like 'bar%' and hire_date = '1990-01-01';`

If we filter with this, we'd see the following:

```
MariaDB [employees]> select * from employees where first_name like 'bar%' and hire_date = '1990-01-01';
+--------+------------+------------+-----------+--------+------------+
| emp_no | birth_date | first_name | last_name | gender | hire_date  |
+--------+------------+------------+-----------+--------+------------+
|  10227 | 1953-10-09 | Barton     | Mitchem   | M      | 1990-01-01 |
+--------+------------+------------+-----------+--------+------------+
```

Answer is `Mitchem`